MAC,Hostname,IP4,IP6,MASK,Login,Name,Email,SSH_Private,SSH_Public,Host_Description,Installed_App,UUID
cd-2a-67-9b-43-92,laptop-89.mueller.net,168.234.95.110,fdd1:d7a6:accf:e1f5:879:c9e7:4e8e:c481,240.252.0.224,wkennedy,Sabrina Herrera,brendacruz@dixon.com,"-----BEGIN ENCRYPTED PRIVATE KEY-----
b5835be2770f353b7e1dee854be12b049a4a2677487cbcec0e66a63e233dd251
-----END ENCRYPTED PRIVATE KEY-----","-----BEGIN SSH2 PUBLIC KEY-----
873aa8fc90d9ac52c3b9159113a881b75adb2cc92e54f23a511040ae201aa96e
-----END SSH2 PUBLIC KEY-----",roberts-murray,CSCL9-FAKE,15f69cfe-13bb-4531-9859-d5d33692ac53
32-07-a1-52-7f-c5,laptop-88.martinez-hall.com,197.64.239.132,fdc6:e231:96fd:5eca:90b5:a4b0:9b9b:4806,224.224.128.255,idavis,Julie Mcdonald,msmith@brown-morales.info,"-----BEGIN ENCRYPTED PRIVATE KEY-----
9f1b2e5b4c6c170fbb51151f486922d218f3701324a6b446aa0c3156f3493b60
-----END ENCRYPTED PRIVATE KEY-----","-----BEGIN SSH2 PUBLIC KEY-----
4059cc1935400292e8355e9f4ed1a2d40ccfe4ea0d5f0f1538f0a9579f336c05
-----END SSH2 PUBLIC KEY-----",bauer,KGCG47129-FAKE,8017a434-0887-473a-85d5-4234842bc073
ef:e7:bd:5b:a1:17,desktop-25.warren.com,170.191.26.157,c6c:84d3:3ffb:4e5b:2626:6599:c998:21d8,0.252.0.128,gainesjulia,Thomas Brown,jlopez@gray-wheeler.com,"-----BEGIN ENCRYPTED PRIVATE KEY-----
aaf986020879794ff894d16696256272c515043c6968676499eceb484c07daa8
-----END ENCRYPTED PRIVATE KEY-----","-----BEGIN SSH2 PUBLIC KEY-----
da829727a1204f0fe53b8042d65dab835d71aed4335223a76dc52ad3e33c52db
-----END SSH2 PUBLIC KEY-----",hunter,LVZP2-FAKE,04d68e5d-2a26-4d79-b6ab-f9a5887b7288
21:07:f9:5b:1b:17,laptop-51.warren.info,215.208.0.232,4907:be1c:201:592c:a24b:87:eef1:a480,224.254.240.254,rfox,Harold Marquez,josephdavis@watson.net,"-----BEGIN ENCRYPTED PRIVATE KEY-----
9bcfd5e38d039d9093975acf54a9894a234c7aab4eaf8f41e775f3c9d6ae342b
-----END ENCRYPTED PRIVATE KEY-----","-----BEGIN SSH2 PUBLIC KEY-----
4976b5520c9e571366cdaceec847cf7bfee11f1bb2e556e0e4d0f741df8dea70
-----END SSH2 PUBLIC KEY-----",williams,GQ7121-FAKE,911c9bae-8054-4a2d-a07d-85a843191453
39.96.83.ec.10.5f,email-82.martin.info,191.91.145.83,cf53:b52e:7bdf:a5c6:565a:9ceb:c47a:e3f8,128.255.0.255,cameron30,Jerry Byrd,jessicatran@clark.org,"-----BEGIN ENCRYPTED PRIVATE KEY-----
34984a42e64562f6274abafb86f0145601232f2cdbc55a8a8b15dbd36626f7ff
-----END ENCRYPTED PRIVATE KEY-----","-----BEGIN SSH2 PUBLIC KEY-----
d6f6fb546d8da57e8e5777db22d07ffe6873fb4555d487ed5a25f461ca299784
-----END SSH2 PUBLIC KEY-----",west-williams,CGEU7-FAKE,8d7f8498-2c5f-4489-9885-d4618fb8bd69
14:09:ca:75:8b:e6,email-30.edwards.org,106.208.207.234,af6a:4f0d:7261:e3f4:c19:a7ee:a4a7:b322,248.254.192.192,petermiller,Diana Richardson,samuel55@powell.com,"-----BEGIN ENCRYPTED PRIVATE KEY-----
6d7b3414874ff6978e41de731471216be227c9a74dae816021b37728045b52d1
-----END ENCRYPTED PRIVATE KEY-----","-----BEGIN SSH2 PUBLIC KEY-----
7235f26093d1d98f1560bfaa991c2fca4952baefc39afd6b50fc12ca9375badd
-----END SSH2 PUBLIC KEY-----",mendoza,RE6-FAKE,0547a497-4b42-435e-8226-589f6cab85d0
1b.48.cd.9c.78.15,email-19.stevens-stokes.com,50.61.151.253,fc77:b91d:67b8:c7e6:1827:21d7:c146:60d6,0.240.192.254,alexandercherry,Jennifer Hughes,kevinoliver@miller.biz,"-----BEGIN ENCRYPTED PRIVATE KEY-----
3430193bcd4500bb0d9d7af2e69e2b69c709b40dba80b792cd85a22acc134115
-----END ENCRYPTED PRIVATE KEY-----","-----BEGIN SSH2 PUBLIC KEY-----
0d9de32a367b834223e44ecd4b09baa59f4a0543683a9e01d54ec989c4b98501
-----END SSH2 PUBLIC KEY-----",houston,YEXA2119-FAKE,5496c12a-8017-4984-a053-73bcfe9a262c
ca:03:16:e6:0a:fb,db-20.johnson-allen.com,57.174.209.149,fdc:f9:52ed:edf5:15d0:3546:224:b082,224.254.255.254,omiller,Gabriel Prince,bobby21@morrison-bailey.com,"-----BEGIN ENCRYPTED PRIVATE KEY-----
06fe05c9836f5616d304783a987298e460d9731af270b894a4c9eab6b7bf9aaa
-----END ENCRYPTED PRIVATE KEY-----","-----BEGIN SSH2 PUBLIC KEY-----
d3ae9d148aa28ebb48ec4eb4ad60f253013480dd8608657941936fb26e44311b
-----END SSH2 PUBLIC KEY-----",bender,YLZ9-FAKE,a8f8f65f-e3bd-4429-a5c4-d6b8b5d9df23
52:d2:0b:9a:37:b3,laptop-54.hernandez.com,18.143.14.102,78a4:b7ec:6023:6226:f80:ca7b:1af0:2dd6,128.254.252.192,cherylschneider,Sean Wilson,velazquezstephen@walter.com,"-----BEGIN ENCRYPTED PRIVATE KEY-----
4f9cccc419b517a53a63208c1b7a8a8acc64d344debc0ce4ac19ad6bd348f7c7
-----END ENCRYPTED PRIVATE KEY-----","-----BEGIN SSH2 PUBLIC KEY-----
316af5006d37488da1f4e20d291e09a78bdd88316a75378f2f2dab240ff8a50f
-----END SSH2 PUBLIC KEY-----",byrd-goodwin,FAC47-FAKE,d3038a92-a763-4ee2-9adc-3e7ba59e4e7c
2e:f6:07:3c:c4:1b,srv-59.brown-montoya.com,67.255.117.100,fd72:b814:ab85:17af:6914:2f9a:6527:e8cb,240.0.0.224,katherine54,Peggy Lynch,dorisrichardson@ibarra.com,"-----BEGIN ENCRYPTED PRIVATE KEY-----
61dbffd94835c7963bc3f955cb6b37fdb5334389c73516444c5cef4180216f87
-----END ENCRYPTED PRIVATE KEY-----","-----BEGIN SSH2 PUBLIC KEY-----
3b4d2cce63ef6dc8e9a78747fd8b4420fa18bbe0593143b9f83eebd84a2a9403
-----END SSH2 PUBLIC KEY-----",kramer,TM4-FAKE,e121c0ce-6946-414f-bb4e-6d8b060feed3
8a-74-7e-01-09-d4,laptop-57.king-miller.com,166.27.225.206,fc95:9a9f:4485:9d20:3303:edb9:c1e8:771f,254.0.128.252,rebecca65,Stacey Porter,andrew70@rodriguez-harris.com,"-----BEGIN ENCRYPTED PRIVATE KEY-----
31351353c2d8d167d30b4187928652fa64450f4a624fdabec82160c9356f0353
-----END ENCRYPTED PRIVATE KEY-----","-----BEGIN SSH2 PUBLIC KEY-----
b67df60c93355fab14ea5df4860f6f1cd21703da430951bedc39a964e32f242e
-----END SSH2 PUBLIC KEY-----",abbott,TFU57-FAKE,2ff338a9-8a53-480e-b24d-e1efe52bf560
aa:cb:85:78:11:a5,email-51.mcdonald.info,6.48.3.2,fdd8:98c9:a41a:7741:93db:b518:34a2:34de,128.0.255.192,leekimberly,Mark Kerr,gillangela@humphrey.com,"-----BEGIN ENCRYPTED PRIVATE KEY-----
b18d6833bff10833305318c3aded770384f230c06381a8e684432987b8f479fc
-----END ENCRYPTED PRIVATE KEY-----","-----BEGIN SSH2 PUBLIC KEY-----
2a91a78e6caa33aef5c7f6ffeb53110f9f2b4ff3ac6eb0a01932d97974762c4d
-----END SSH2 PUBLIC KEY-----",anderson,ZU7-FAKE,c6fc91df-764f-46f5-b982-20f21f801baf
71-d7-e2-13-d9-9a,desktop-30.benjamin.org,145.129.158.212,f580:e482:1311:25e1:a946:851b:c6d7:83d4,248.192.128.255,dustin41,Michael Rodriguez,gwilson@johnson-johnson.org,"-----BEGIN ENCRYPTED PRIVATE KEY-----
6ed649cb633405aacf8597855f9fb8d12ca37c1f4afa3e658ae8403ff1363fbd
-----END ENCRYPTED PRIVATE KEY-----","-----BEGIN SSH2 PUBLIC KEY-----
ea9ca6ccbff50e3dd421f85e02873cad9e771682d781c3476b60f39d2d7fef3b
-----END SSH2 PUBLIC KEY-----",lynn,SNPC6-FAKE,7289098e-574b-4a79-af46-11602b8dfa8d
bb-bf-e8-98-62-cb,laptop-18.johnson.biz,42.144.164.8,5612:2b3b:27fb:1e16:305d:aaf1:dfd2:47f4,254.0.128.128,djones,Cynthia Hall,masondavid@kent-hopkins.org,"-----BEGIN ENCRYPTED PRIVATE KEY-----
a150dfe47e3760d18d7a1b0031c8f84c446a3ad53d03ed07370530f2f11d0fa6
-----END ENCRYPTED PRIVATE KEY-----","-----BEGIN SSH2 PUBLIC KEY-----
c8a6eba7765d6e5b0a1512bca26a41a84177d80304c08d591a56d09cc05f48e6
-----END SSH2 PUBLIC KEY-----",roman,YAJZ2864-FAKE,adbe643b-fbeb-4291-aa65-15a6fcf979bc
b7.f8.08.0a.ca.54,db-32.peters-nguyen.com,76.9.130.191,fc27:474c:6f92:8a37:da0d:e02f:464a:7a30,224.224.254.248,theresa81,Brandon Garner,davisdavid@garcia.biz,"-----BEGIN ENCRYPTED PRIVATE KEY-----
3c679efed2ef60d911e49408606daaa9a06c02da97041a3112069a4665a40fc3
-----END ENCRYPTED PRIVATE KEY-----","-----BEGIN SSH2 PUBLIC KEY-----
cf147fe534bf754b679aff80fa4036a6ec5c974f31acb31241eb59d4b51d8bbb
-----END SSH2 PUBLIC KEY-----",rangel-smith,WI82-FAKE,091a92f7-6a98-4e6e-aa0f-dcc9bb524f66
34.59.95.65.eb.ab,lt-38.wade.com,221.87.164.245,a7ea:779f:2ca8:824b:d566:34e9:d121:69e,192.192.254.0,linkaren,Andrew Nelson,veronica19@lawson-pena.com,"-----BEGIN ENCRYPTED PRIVATE KEY-----
bf82cda0862b2521eb3fea65663c87161313e32f447431104a939ca581272b10
-----END ENCRYPTED PRIVATE KEY-----","-----BEGIN SSH2 PUBLIC KEY-----
dfbf15a740da97c912d1b0a5c1c3fd5cf9b9f2024f4dcf589e0685a3aba1e0de
-----END SSH2 PUBLIC KEY-----",moore,ZBDC8175-FAKE,1ea2ee74-b079-4f16-9135-3f2259b838e1
b5-96-fb-ef-13-9c,srv-69.smith.com,159.228.22.148,fda6:5cae:7114:cde:b19b:24a5:4303:d5bc,254.248.255.248,robertmueller,Gregory Erickson,davisdeborah@davis.com,"-----BEGIN ENCRYPTED PRIVATE KEY-----
25a2d4933f9822903072da06f5dc7f520d7e38ce22427e3f6f31ea5157b46a91
-----END ENCRYPTED PRIVATE KEY-----","-----BEGIN SSH2 PUBLIC KEY-----
56da34bc6e7e919ad496e4d0d3c36bfbb1214b20afc7215d97da456f33781d91
-----END SSH2 PUBLIC KEY-----",fowler,SNXN3-FAKE,faa4d827-a17d-41ce-976a-ca7126c0e059
8a:66:aa:43:94:27,email-76.velasquez.com,164.191.214.147,fd31:2a6e:725a:f5c6:f675:efde:f131:b381,240.0.128.254,batesmatthew,Jennifer Guzman,plopez@brown.com,"-----BEGIN ENCRYPTED PRIVATE KEY-----
f1a83a3856ab850b620a2f50cfac04f4442805e07c296e33ea2b7b8c19bed1ec
-----END ENCRYPTED PRIVATE KEY-----","-----BEGIN SSH2 PUBLIC KEY-----
c7052dd6602661c9e3d50f7bd8713e0c3fc5527839305004280d5eb99197256e
-----END SSH2 PUBLIC KEY-----",bennett,PNBN5333-FAKE,4b13c8c8-2588-42b0-911a-279574ac10cb
f0:69:11:0b:da:78,db-64.faulkner-long.com,6.120.148.58,93d7:5fb6:1905:fb8e:95ac:e78d:5cf2:758b,248.255.240.128,nwhite,David Gomez,heather63@warren.biz,"-----BEGIN ENCRYPTED PRIVATE KEY-----
ec90ae5756eace738ecc7419b0f65bb026a75189e0d81fc30ae70d478b476f48
-----END ENCRYPTED PRIVATE KEY-----","-----BEGIN SSH2 PUBLIC KEY-----
fb790db3af69e190025286bf691b566c19b330ba691e23f1d6742f295aac05ca
-----END SSH2 PUBLIC KEY-----",moore,UGI799-FAKE,4d343057-a415-4dd8-812d-65cfd20b7dd9
ce.ab.b1.ef.13.32,laptop-38.gibson.net,105.202.228.99,fd3d:ae1:a344:518f:1b82:b7c0:49f4:6657,252.255.128.192,joshua28,Katrina Doyle,gomezalexander@woods.info,"-----BEGIN ENCRYPTED PRIVATE KEY-----
08e60b9600616d9fabf2ee32dcc9baafe380e150216d1082b94c8741e77f6ae8
-----END ENCRYPTED PRIVATE KEY-----","-----BEGIN SSH2 PUBLIC KEY-----
b51283d8f5fdb7439755ab123ac178a7581446a2a65509803514c61c2d28bdd5
-----END SSH2 PUBLIC KEY-----",black,PF68-FAKE,3e304476-ff11-4e0a-aa98-702f1247d9db
bd-97-23-d1-83-d6,desktop-21.washington.net,32.195.157.33,b1ae:1e12:dbc1:a5b0:bffd:6ab0:51df:d75d,254.128.240.192,christinadavis,David Lowe,mlewis@lee.biz,"-----BEGIN ENCRYPTED PRIVATE KEY-----
97d9462b14e33d58fb9060011e5e7df6ee5b954a46387d0883f3014243c2b585
-----END ENCRYPTED PRIVATE KEY-----","-----BEGIN SSH2 PUBLIC KEY-----
444646eeb80db56ccea11790b4ba701b2ab5ec8a305d68690965ba1b5867d2e3
-----END SSH2 PUBLIC KEY-----",barker-ali,JJ38-FAKE,5f39e3a8-8d24-46c2-95ed-23c8a71e0f28
00:e9:80:45:c7:c4,lt-60.brown.com,62.83.127.94,9f5:f555:c37c:f577:4896:8548:7d55:8dfc,255.224.0.192,lmiller,Tyler Wang,tiffany18@dixon-cardenas.com,"-----BEGIN ENCRYPTED PRIVATE KEY-----
de21a7c9d4279fe727b2db59f6405b10473f9de0978bc0b3c938e7966ebb2afb
-----END ENCRYPTED PRIVATE KEY-----","-----BEGIN SSH2 PUBLIC KEY-----
b3496bf175765cce1d8cd9861079d041b1d1d3d9661f25235ac262a84804658b
-----END SSH2 PUBLIC KEY-----",lambert-cox,DX135-FAKE,60cf8edf-27f7-4398-afe0-0450223d2866
30:65:8e:b4:4b:3d,web-14.boyer.org,94.207.191.202,fc9c:d925:de50:55fb:4220:903f:9e66:94d7,240.224.224.192,quinnsheila,Elizabeth Butler,bondnancy@gibson.org,"-----BEGIN ENCRYPTED PRIVATE KEY-----
6de73205a0f8824f8f12d098aafa2f41afc2ab18dfa785fd5a0d5b072a007584
-----END ENCRYPTED PRIVATE KEY-----","-----BEGIN SSH2 PUBLIC KEY-----
3e8675154839bcc14d113ede32b6bd62ef4766a8e714f726fb040ab1637c519c
-----END SSH2 PUBLIC KEY-----",gonzales-carey,NYW41425-FAKE,13f3bfcd-9d86-4b92-94e0-ff89c636f7e7
52.46.66.5d.9e.4a,desktop-05.hall-brown.info,157.55.124.36,fd9d:b39:13c1:cae5:d3d2:1cb4:32dd:464f,255.192.192.224,ryanlane,Jacqueline Morris,jason19@hoover.com,"-----BEGIN ENCRYPTED PRIVATE KEY-----
50ed9c8d35b912094b872a5e0f681f1aaa6ad76c6c5e48a5c54511ddedd66740
-----END ENCRYPTED PRIVATE KEY-----","-----BEGIN SSH2 PUBLIC KEY-----
7620a234be1cd78b3778c0300a42c6a272797365fc86318bfd0dc509ef1450ea
-----END SSH2 PUBLIC KEY-----",nelson,IE59141-FAKE,f803d049-bc64-4925-9283-e4a32086dbee
17:2c:e5:b5:a8:de,srv-39.mitchell.com,174.113.94.254,3726:a7d6:f188:1785:2cff:232b:7662:5899,252.192.252.255,brownmichael,Jacob White,fryjeffery@skinner-sanchez.com,"-----BEGIN ENCRYPTED PRIVATE KEY-----
f40c75cbdedaf028f7f86a4f0fe789d6b0760a84d43fa6444b79be990529bd83
-----END ENCRYPTED PRIVATE KEY-----","-----BEGIN SSH2 PUBLIC KEY-----
b74b66f047bccbd5305ee4df10a2a273714c6ed972da2bb9a238cd98be4c8864
-----END SSH2 PUBLIC KEY-----",rodriguez-smith,DGJ8-FAKE,24363505-13f0-4e47-b78b-858c9717a807
04:2e:2b:49:01:d5,desktop-73.martin.org,107.252.93.37,fd64:e357:af77:5176:258e:3f08:3a8f:1817,192.255.254.0,deanna43,Courtney Weaver,pagejimmy@johnston-shepard.org,"-----BEGIN ENCRYPTED PRIVATE KEY-----
eb244f42b466d3a429745eb262dd77493c64c89cf148186c24692bd5c641f5d5
-----END ENCRYPTED PRIVATE KEY-----","-----BEGIN SSH2 PUBLIC KEY-----
5156bb7748e3966c0df815aa66f704838fc8eb5240c73675624e5ef47bcd08ff
-----END SSH2 PUBLIC KEY-----",ray,QKF247-FAKE,3932921c-dea1-452c-826c-55a29c32a61f
c2:69:62:39:5a:de,email-63.johnson.com,77.194.220.207,fd8b:618b:fe16:d37a:6c58:2e98:b0e:a456,255.192.254.240,bradhurst,Blake Smith,gillsteven@eaton.com,"-----BEGIN ENCRYPTED PRIVATE KEY-----
56ecb15e43cfdd45749b82d082b1fe159d05b35e81f4b4727a157cb846c6739d
-----END ENCRYPTED PRIVATE KEY-----","-----BEGIN SSH2 PUBLIC KEY-----
b8cb21e244bb7503b3de255856fef61582ab5a5bcb1c5ce768eb642ecb081cfd
-----END SSH2 PUBLIC KEY-----",swanson,ZINO947-FAKE,8c272347-cb6b-4d87-bc40-12878854fb99
f5-a2-aa-e6-8a-af,laptop-79.boyd-gutierrez.info,139.31.138.57,539a:795b:4281:62e6:2169:4400:1e19:a09f,0.248.255.128,mhayden,Natalie Gregory,wadams@floyd-watts.info,"-----BEGIN ENCRYPTED PRIVATE KEY-----
50b6f2b56023b5fcbb71637a7ad559d1295c683ff2b48cddd92c3e47003f0afe
-----END ENCRYPTED PRIVATE KEY-----","-----BEGIN SSH2 PUBLIC KEY-----
ba5855a6ca9a8b988d6046c3e104a71894880dd34da6b98c2ddf71f5d852ef36
-----END SSH2 PUBLIC KEY-----",brennan,WXNU24-FAKE,31d6c852-8bf6-424a-8dd7-081bc4f40166
1c.b1.9d.84.79.5c,email-13.landry-velazquez.biz,42.11.115.86,fdf6:c65c:d109:1b6c:9831:3996:f09e:b26a,224.240.255.0,reneelyons,David Taylor,jason59@robbins.com,"-----BEGIN ENCRYPTED PRIVATE KEY-----
6517ac38912bd4e2439443efd726f3b4defd850a09513b7c15f598e46861ecb5
-----END ENCRYPTED PRIVATE KEY-----","-----BEGIN SSH2 PUBLIC KEY-----
b46dd5bbb7a6d5946ceaa42b429ec375cafe6c27fbb7f791fe4558c5a2767958
-----END SSH2 PUBLIC KEY-----",hunter,KWWO88-FAKE,692835cf-93c3-4526-a23d-0919b7ab6a25
8d:5c:fd:88:fb:b0,lt-82.ramos-hopkins.com,88.48.125.29,fcb:a07c:d033:1f7a:68b:4535:5999:eb7,248.240.240.255,laura44,Jean Barrett,emily24@johnson.net,"-----BEGIN ENCRYPTED PRIVATE KEY-----
88b77eef3d46daa34d97f7c16d6c7b05e15f20b4fc1f231d4c01a232156c40d3
-----END ENCRYPTED PRIVATE KEY-----","-----BEGIN SSH2 PUBLIC KEY-----
905c1a7050549db8b3868315b362f40b44a0197590a93b5bdb566ab43e157074
-----END SSH2 PUBLIC KEY-----",peterson-harris,ZXTR393-FAKE,0456045a-ed1d-4b90-bd5c-1c262193670a
7e:c6:36:a2:a5:95,web-66.bentley.net,200.200.179.238,5943:d71f:1d1e:e4a7:5e74:c2f5:b4f:6de4,224.248.0.240,mmcgrath,Allison Mccoy,kirsten87@smith.org,"-----BEGIN ENCRYPTED PRIVATE KEY-----
b66bd5ef22c69e9b0d12779d4eb5767beafe73b93d2e87e9478533326b9ce283
-----END ENCRYPTED PRIVATE KEY-----","-----BEGIN SSH2 PUBLIC KEY-----
875981bab771f29097c4621144ba7875f36b6fb9cafb73f94b0f9296b5158c09
-----END SSH2 PUBLIC KEY-----",mann,ZVUD6-FAKE,1e3418e6-0399-47d3-84d6-4300d84eee42
37:74:21:52:1e:ca,db-50.clark.info,128.18.130.206,fc3f:8801:e00a:ef3d:fc83:d603:f51:ea8e,255.248.192.248,johnny05,Robert Cunningham,bethbrown@ortiz.com,"-----BEGIN ENCRYPTED PRIVATE KEY-----
a078c8eb9ab40c2fb4ea4dd8fb02b6669b3563963681f9bea0aaac7cbaa6b5d5
-----END ENCRYPTED PRIVATE KEY-----","-----BEGIN SSH2 PUBLIC KEY-----
a998d64c74339635c5c852fa7a906c9340ffea3d9f34ad09773e428e3f086694
-----END SSH2 PUBLIC KEY-----",mckinney,VI7-FAKE,07128269-0e6d-4275-845c-7a8542d960f5
ef-6e-8d-98-13-39,email-94.zuniga-knight.biz,95.6.195.237,fca3:bda8:5ce5:3970:b1f9:d4e:8f3a:b090,255.128.254.254,russell05,Jennifer Thomas,lbaker@hall-rivera.com,"-----BEGIN ENCRYPTED PRIVATE KEY-----
72bfeb19998e04ac9686831cbf60596624c2734545ce43ce3ca215d7f25f8575
-----END ENCRYPTED PRIVATE KEY-----","-----BEGIN SSH2 PUBLIC KEY-----
ee2c5adfc270b02e41072d1e55bb313f6043fbb423f2d52207762aa1e7b6bb16
-----END SSH2 PUBLIC KEY-----",young,TJG93672-FAKE,4e9bdf77-4ca8-4cca-81e6-43e7771fb4b1
99:76:5f:55:1d:1b,srv-41.padilla.com,51.221.199.52,fdae:8273:1aa7:be52:d377:34ec:4c61:536,248.254.224.192,michaeltorres,Hannah Gonzalez,mark53@phelps.info,"-----BEGIN ENCRYPTED PRIVATE KEY-----
c739c2e525536aa711b44a6716af67335e165c759ed1ece7a4a7ea39fe7baa8a
-----END ENCRYPTED PRIVATE KEY-----","-----BEGIN SSH2 PUBLIC KEY-----
78e839105c5807dd4ee6bed762c19e35e68292e0cdd044f0a5524b58f76482ac
-----END SSH2 PUBLIC KEY-----",weaver,NRST132-FAKE,ed5626be-5000-40df-baeb-3ccfc704772f
d6:fd:05:b9:b5:cc,laptop-83.hall.com,114.103.16.155,fc88:53bf:81ae:40d0:81e8:fbe2:229e:7a2d,128.128.192.192,mjacobs,Steven Whitaker,traceytran@johnson.com,"-----BEGIN ENCRYPTED PRIVATE KEY-----
5de942d58dcf5ea05d07dc936c50932803df3e482399530ec330c594341370c3
-----END ENCRYPTED PRIVATE KEY-----","-----BEGIN SSH2 PUBLIC KEY-----
97b6f0fb60d5e3691a44a244c6cd7bcd39acd5b53d3def4d7f4a74ec048c777b
-----END SSH2 PUBLIC KEY-----",ellis,BO64686-FAKE,97afebba-a30f-41f6-830e-30dad250594a
31:05:f3:db:84:7c,email-54.wright.info,53.176.71.67,77ee:41c7:67b0:c8e4:1779:6de2:25ec:82e7,255.224.240.224,david90,Christopher Reynolds,arthur82@brandt.info,"-----BEGIN ENCRYPTED PRIVATE KEY-----
e98869ff8691131518cd467122d1c7212227adf40d86e3cd13be190f704b58cf
-----END ENCRYPTED PRIVATE KEY-----","-----BEGIN SSH2 PUBLIC KEY-----
c19a2680ba70ba7da3c235e82704e2404e61a47f09b72f2eaa27c14d18ed6f56
-----END SSH2 PUBLIC KEY-----",martinez,GE66-FAKE,266f05e8-15f3-44e5-b3d7-74b704b5b5ea
53:4c:f8:3a:84:95,web-46.lewis-navarro.biz,158.209.30.59,fc28:d93:4b5f:5222:4326:7472:77d1:b175,240.254.248.248,shawndavenport,Donna Gonzalez,qjones@moore.com,"-----BEGIN ENCRYPTED PRIVATE KEY-----
3872521dc687d4b785dfbb45af829ce4a971e3ab77719de6c264127919887a1d
-----END ENCRYPTED PRIVATE KEY-----","-----BEGIN SSH2 PUBLIC KEY-----
77bef84c5da2aca90c95bc51e84115c7d306427b25ff635951c005f20f0cedc0
-----END SSH2 PUBLIC KEY-----",nixon-thompson,OPV78738-FAKE,06a899ea-df9d-4ea1-bea8-437e5022535c
00.2e.d5.72.bf.47,email-63.williams.com,157.240.75.150,394b:10e5:f107:7877:88f5:8814:6bed:8d87,254.240.240.248,boonestephanie,Jason Long,meghancasey@hodge.info,"-----BEGIN ENCRYPTED PRIVATE KEY-----
b7adead41e2f199f19c44d7fad11d9452b280d97a5230f3e44a5daca6ab99222
-----END ENCRYPTED PRIVATE KEY-----","-----BEGIN SSH2 PUBLIC KEY-----
3d977b15ab0bfb8a5d826726a9b7914c43b333ef864246e8a1871d7b7bd242a3
-----END SSH2 PUBLIC KEY-----",russell-ochoa,NK75122-FAKE,ae91ce7a-2ccb-48e4-bc13-f0ca76881e04
bd-c7-42-83-07-8e,db-05.gilbert.com,92.198.152.177,ac09:1cad:6f48:eef0:93be:3348:c6b:4bc8,128.252.248.224,andre23,Noah Adams,myersjeremy@johnson.com,"-----BEGIN ENCRYPTED PRIVATE KEY-----
1ab9e3022b2fd083a9cfa2bc5d3a01bb872be752c19df6f0449108f9e77418e3
-----END ENCRYPTED PRIVATE KEY-----","-----BEGIN SSH2 PUBLIC KEY-----
48d14a040e3b1519e2803ca48053c7221b09a64af967aa9ef8a2dea3fcc7fca9
-----END SSH2 PUBLIC KEY-----",rice,QA824-FAKE,0b603ecc-a544-4232-863f-0484692c2578
4e.c1.53.1b.43.07,desktop-01.richardson.com,146.112.84.78,fd8d:51bd:8a40:a85e:19db:50ec:b4d6:b1e5,224.128.224.128,allen29,Gregory Francis,wrightbenjamin@jones.com,"-----BEGIN ENCRYPTED PRIVATE KEY-----
f19ab361822bf7026f9a23713a934acd521e3bf86dd3b0aee1ac82b1af42def8
-----END ENCRYPTED PRIVATE KEY-----","-----BEGIN SSH2 PUBLIC KEY-----
71b542b3a3899a701531e8d34e32c9cc66c5bbdac311155df091f4f6d972208e
-----END SSH2 PUBLIC KEY-----",james,IQU34-FAKE,a8259da4-5d5e-47bf-99be-eab814b42ad1
f2:a2:d4:f7:98:73,email-14.morton-king.info,89.134.224.119,fda:6f1c:b4f:4cc1:bb9f:64dd:4032:5115,255.252.128.128,amandameza,Jordan Parker,jesusduncan@sims-lambert.info,"-----BEGIN ENCRYPTED PRIVATE KEY-----
a586e061759c2aedff0aa957b947c55a865ae6fb8bf9ddaa3ef7e8b624994943
-----END ENCRYPTED PRIVATE KEY-----","-----BEGIN SSH2 PUBLIC KEY-----
23c6a4c218eb8f3207b8c7d3119c9115f3a407749113c537d9b2f8a578fbe5dc
-----END SSH2 PUBLIC KEY-----",santana,LTPY99-FAKE,b0e783e6-53e8-43cc-b313-9c1872adb29c
b0:f6:61:57:53:29,desktop-41.hale.info,82.73.157.8,fdf0:3ee4:7272:b9eb:c914:3bb6:458f:397a,128.128.255.254,craig60,Scott Morgan,spencerdyer@nixon.biz,"-----BEGIN ENCRYPTED PRIVATE KEY-----
3e2222fbf4f666e2362cec0ba6a33cac40685e5fef3e5dacae4e6ff8759141da
-----END ENCRYPTED PRIVATE KEY-----","-----BEGIN SSH2 PUBLIC KEY-----
715e2dc920056ec7ecc27cb92297b70a312c8a441401f6f258c006eb11207516
-----END SSH2 PUBLIC KEY-----",newman,WHPU1688-FAKE,5b161034-19b4-4f95-bb52-841e7391ac74
bd:b3:59:0c:1f:9b,desktop-07.richardson.com,95.150.7.27,fc60:43ee:f6a:591f:2f02:36b5:6000:5f6b,0.248.252.252,julie55,Travis Conner,leslie94@johnson.net,"-----BEGIN ENCRYPTED PRIVATE KEY-----
7b1a97ffed42922b2c82e73655d626c1b1e3163fa568a730215caac578b64bd7
-----END ENCRYPTED PRIVATE KEY-----","-----BEGIN SSH2 PUBLIC KEY-----
f62c43e0b56051ad0f9e67caa31100141d18c307f03ee7a600c094e888473fd8
-----END SSH2 PUBLIC KEY-----",sanchez,NTBC42471-FAKE,6dedfe97-5607-4805-a6b4-899ac4a09784
e3:de:34:55:63:f2,db-61.collins-hunt.com,42.119.121.76,fd4d:9811:4d4a:2063:f642:ba71:2187:adea,224.240.252.255,ericmclean,Mary Lucas,kevincunningham@hernandez.com,"-----BEGIN ENCRYPTED PRIVATE KEY-----
cf193514a6273d62984f7986e76729483c3282247051122193e2af3b18811c50
-----END ENCRYPTED PRIVATE KEY-----","-----BEGIN SSH2 PUBLIC KEY-----
c7e753e9c81d99f8f22984044307216233b33810bec797e7c86fd80b69907281
-----END SSH2 PUBLIC KEY-----",fowler,VFY4569-FAKE,9a33dc94-b989-477f-9ab2-c6a0acadadbc
e0:49:d3:5a:aa:a1,laptop-85.scott.com,162.205.23.104,fd7b:8cbc:61dd:f8d0:7cc0:1d04:47ec:bcc8,128.255.254.255,ujacobs,Mary Johnson,yestrada@ayala.com,"-----BEGIN ENCRYPTED PRIVATE KEY-----
c3fdb5ede0c7f1e8400d8c6c374849f5b02107a1e859d202b4909f626ea92a85
-----END ENCRYPTED PRIVATE KEY-----","-----BEGIN SSH2 PUBLIC KEY-----
c50441fdbc6fb900551a79f46ca73e9eb261a9c06a1d0e6fdee1f341471eca53
-----END SSH2 PUBLIC KEY-----",thomas,PXMT9-FAKE,5c471822-7485-4379-8291-aba9dc688e87
aa.c0.5b.b3.84.1b,db-98.bennett.com,1.93.215.160,c0c0:2c7f:d135:81f1:6f67:c442:cf9a:633a,224.128.192.254,cassandrathomas,Amanda Hester,mcmahonbarry@guerra.org,"-----BEGIN ENCRYPTED PRIVATE KEY-----
6bdfa7f7d778572a6fcd17ffdd80e1a2f3f1260c95d14b3acd3955fa6f93a2d0
-----END ENCRYPTED PRIVATE KEY-----","-----BEGIN SSH2 PUBLIC KEY-----
2e9fca3f013fd516c603aae7cdced985e370dbf55b76fe36171bf2d815616722
-----END SSH2 PUBLIC KEY-----",clark,ODIT5871-FAKE,0980d965-eddb-4473-946d-3f2dcc581cf3
b8:c7:00:35:a5:18,desktop-84.anderson-dawson.com,72.162.89.104,fcd7:8687:7e08:1f51:b3cd:6e34:96c4:eb4f,254.254.255.240,wendy08,Kimberly Bond,tanya01@dalton-collier.info,"-----BEGIN ENCRYPTED PRIVATE KEY-----
dd7354a6483e2b84e6a2167171b8986299ee3b8b227693a8bb7e03560a23f5e3
-----END ENCRYPTED PRIVATE KEY-----","-----BEGIN SSH2 PUBLIC KEY-----
44d9d2dd81040596cc019fdb08dfa21a8738502e652dd338168cbf4ba41b6f31
-----END SSH2 PUBLIC KEY-----",cruz-walker,FGF646-FAKE,e63c16c6-1441-4f9f-a3e6-e27f02482012
df:c3:21:29:b0:50,db-57.johnson-fitzgerald.biz,114.106.89.187,ae7c:d943:267:5e6e:19ad:2f8:8521:e14b,252.128.0.255,stewartmichael,Ronald Shannon,alexandriaowens@garcia.com,"-----BEGIN ENCRYPTED PRIVATE KEY-----
66829b2b8b1f9851bf4f19c2fa019f5e80034eea7f021f1712231250c0e2f81e
-----END ENCRYPTED PRIVATE KEY-----","-----BEGIN SSH2 PUBLIC KEY-----
7252cdc00d4c3d02b7a98a191f19874f10aad4179fd4ff24c11b6a9769377796
-----END SSH2 PUBLIC KEY-----",howell-jones,KD5787-FAKE,b64bbb15-c1db-43ab-be3e-ad90dc862358
86.84.31.d0.18.5c,lt-83.rodgers.com,21.71.170.227,fde2:543b:b875:6c81:21fc:3b67:1177:5626,240.192.192.240,sandovalcynthia,Kelly Pruitt,christopherfaulkner@terry.com,"-----BEGIN ENCRYPTED PRIVATE KEY-----
045270d02f9bcf397978509e98730f3354a7345c6ea91fc0e5e07edd2cff273f
-----END ENCRYPTED PRIVATE KEY-----","-----BEGIN SSH2 PUBLIC KEY-----
77c3d70c93d13d8f9e941cf807ae7a613fdf24e99f07af07f56cd7a7c6149f61
-----END SSH2 PUBLIC KEY-----",smith,BND86458-FAKE,11f180ca-c9b2-48dd-b205-c153b344246b
cb-e2-92-76-1e-46,laptop-50.robertson.org,166.110.172.113,fce9:b5a6:2f41:29f8:817c:c29d:aa37:1afe,0.224.240.252,smithanne,Dylan Griffin,rodriguezkimberly@mathews-hernandez.com,"-----BEGIN ENCRYPTED PRIVATE KEY-----
9e2769084a4048d9eababde14867e214e733b184025fd072ca8abc73d2d31f85
-----END ENCRYPTED PRIVATE KEY-----","-----BEGIN SSH2 PUBLIC KEY-----
6a889ab9e34c000b22a363db1aed3d97bc21a5ae88d1751dfca8908f35ae4ce9
-----END SSH2 PUBLIC KEY-----",arnold,RFL885-FAKE,4eeacfa9-4a5a-43e9-889a-99cb3dfdedfc
47-43-f3-ce-85-db,web-24.martin.info,172.30.36.74,fced:9c95:7ef0:c95b:95b8:7ea1:c2c5:3f6a,192.255.255.254,pnelson,Mr. Russell Wilkins,davidcruz@chen.com,"-----BEGIN ENCRYPTED PRIVATE KEY-----
657217c3f371543f3f21db45bacfd30eea4c28187ddcb26e53299fe1bfd560ec
-----END ENCRYPTED PRIVATE KEY-----","-----BEGIN SSH2 PUBLIC KEY-----
8312423e7e34df598434457e0c3227f578d3d462fda3fb58720a43fa936e520e
-----END SSH2 PUBLIC KEY-----",vang,XRN6-FAKE,d0f0dd97-d007-4abd-a1ca-4b7e747d3a31
30.b1.10.2c.78.72,srv-89.melendez-hudson.com,10.212.40.60,e7d9:c2d:3eb0:a234:60ac:c822:e5a3:d504,224.0.128.224,jenkinswhitney,Eric Gonzalez,brittany03@durham.com,"-----BEGIN ENCRYPTED PRIVATE KEY-----
4b5c9c127b8a952a12948f61842f3f22a025ad9ce48e977a6e1dfc1d47586d68
-----END ENCRYPTED PRIVATE KEY-----","-----BEGIN SSH2 PUBLIC KEY-----
3b845232e6ba85094daa1ca85cab6037b0a2c2b1b602abdec13dc3a74dda8b75
-----END SSH2 PUBLIC KEY-----",stanley,VB3-FAKE,d7a25027-8ba1-4401-bcef-d56545df44b6
e6.d6.f1.59.65.10,laptop-54.hall.com,192.168.149.240,fcd:ddaf:e4d9:c57f:8284:a2a5:12e6:add,252.128.128.248,fulleralexandra,Kimberly Larson,mary92@leon.info,"-----BEGIN ENCRYPTED PRIVATE KEY-----
deb03b5da34d5a24e00d7fd675d42cb62b5aef733f720650c555568fcd05c4c4
-----END ENCRYPTED PRIVATE KEY-----","-----BEGIN SSH2 PUBLIC KEY-----
d654ea621c64712889b639648fdbc72db6616dc5555922e78186a61d6ee460c2
-----END SSH2 PUBLIC KEY-----",moore-matthews,XPLU4354-FAKE,b322ed3f-dc38-4536-99cd-094f251b380e
bb.c6.3f.48.91.8f,lt-10.wright.info,10.26.167.19,6dce:5dee:ed15:320:ceb3:7604:865d:4f9d,192.252.255.252,christophermanning,Donald Hart,mckinneyapril@zavala.biz,"-----BEGIN ENCRYPTED PRIVATE KEY-----
2231192d920c7c6499b95c742cc4f2808964ce78486ac14956d4afedd1b35208
-----END ENCRYPTED PRIVATE KEY-----","-----BEGIN SSH2 PUBLIC KEY-----
ab5288a8d624d05b33e783bedff8ec934c3d19bbb9a5966a494a6a93c6c2bb59
-----END SSH2 PUBLIC KEY-----",jenkins,ENU9-FAKE,cf5afdd7-d1b5-4989-a6a6-3c18a6303add
80-c1-a2-66-39-68,laptop-04.roth.com,172.21.232.96,9749:c741:ecae:897f:f7a6:79f5:1f47:64f9,0.252.252.128,olivertanya,Kelly Hopkins,ashleyvaughn@walker-martinez.org,"-----BEGIN ENCRYPTED PRIVATE KEY-----
53ea4f82ca00e7bc0de389290fcbc97762a151d87ebe533bee9530a218bd5701
-----END ENCRYPTED PRIVATE KEY-----","-----BEGIN SSH2 PUBLIC KEY-----
925fe408b39a61da11cc6104e68379ac5ec144d8c64ba1c92f872f10a6fe69c3
-----END SSH2 PUBLIC KEY-----",manning,WQKU8788-FAKE,c0b5373c-b174-4fef-869b-22b6a3556c42
d5:f2:98:95:5b:a0,db-84.harvey.com,10.106.242.198,6daa:4af1:d63c:60c2:20b5:7935:1236:e1b0,248.248.0.252,cmatthews,Juan Alexander,emily84@nielsen.info,"-----BEGIN ENCRYPTED PRIVATE KEY-----
4e2573561f8534b726f8910f52fdc4cb86b472dcf1a6862235600464997e7b24
-----END ENCRYPTED PRIVATE KEY-----","-----BEGIN SSH2 PUBLIC KEY-----
182f41cf641cbb2e8cdbdbbd25ac23b811ddd394eadbfaa284ab66c3c1d2dad9
-----END SSH2 PUBLIC KEY-----",rivas,GQ44139-FAKE,fada1236-4f56-4850-a965-733667199a45
ba-32-28-7d-4d-24,email-53.nguyen.info,192.168.10.72,8876:fe20:2b98:31d8:f73c:3198:d886:c8a2,248.252.248.0,igray,Robert Bryan,odiaz@chavez.com,"-----BEGIN ENCRYPTED PRIVATE KEY-----
afdcd296554bee7eb7e6ff8ffeb8a157a5ef4891f014254347c0214df6d92f70
-----END ENCRYPTED PRIVATE KEY-----","-----BEGIN SSH2 PUBLIC KEY-----
5094df6341c6c06ed79c3f3c46aaaa0e72eb7803eb83244dbf2d0fb0f86c5c4d
-----END SSH2 PUBLIC KEY-----",summers-kline,BCQ4-FAKE,65d90426-5fc0-4ba8-b599-2865c303a5b6
a1:81:a3:4b:e6:15,db-89.anderson.com,192.168.171.102,fdbd:cc0f:b3f:21bc:c833:25e9:26f3:aa9f,252.0.248.240,ashleyperez,Joshua Smith,rthompson@marshall.com,"-----BEGIN ENCRYPTED PRIVATE KEY-----
8c0cf258c770cfc3d14b1d88df313b58eca5677469da7fa701d4799759299a7a
-----END ENCRYPTED PRIVATE KEY-----","-----BEGIN SSH2 PUBLIC KEY-----
5f2745f858004043e03fc518cc6dfe394c266e1f92f10efbe0c037d7ec046740
-----END SSH2 PUBLIC KEY-----",vincent,GU18156-FAKE,faaf60a3-784c-4cd3-8703-01934f1b8ae7
4e-72-32-a9-a1-55,laptop-21.walker.com,192.168.108.16,6bbc:4a8d:3fa9:44da:499d:a3cb:a73d:cfbf,128.192.254.128,acook,Lisa Miller,lindasimmons@sparks.com,"-----BEGIN ENCRYPTED PRIVATE KEY-----
e098961e560f5041e62a1646a0dad0e7477d84f9a21518de2ef51bb4c1d65fef
-----END ENCRYPTED PRIVATE KEY-----","-----BEGIN SSH2 PUBLIC KEY-----
d6dcc797aad369c3b9c784832d1ae198202a245e524ce2e532c4e07e483f6d67
-----END SSH2 PUBLIC KEY-----",hall,EZHV776-FAKE,4dee2c85-11e7-4d68-a27b-8dce698caa3a
4e:ad:30:cb:53:5b,lt-76.brown.org,10.20.234.19,a1a:14ae:1921:84ff:eca7:c386:9fad:cb17,240.0.252.224,smurphy,Christine Park,scott83@stephenson-cline.com,"-----BEGIN ENCRYPTED PRIVATE KEY-----
646f720fe2ba633bf5e34aab4b8486516c1f1427d00ffac70fef29ccadb8bca6
-----END ENCRYPTED PRIVATE KEY-----","-----BEGIN SSH2 PUBLIC KEY-----
5286ece784328aa9418400f85a7668e1ce43c745037516183464259298951d99
-----END SSH2 PUBLIC KEY-----",woods-barnes,ZGD242-FAKE,ddd3261c-5393-4546-bb78-53e4b2e3fcc6